mode,mask,both,s_only,p_only,outside,U,S,P,A,E,I,O
allow_empty_terms,1,1,0,0,0,[0],[0],[0],1,0,1,0
allow_empty_terms,2,0,1,0,0,[1],[1],[],0,1,0,1
allow_empty_terms,4,0,0,1,0,[2],[],[2],1,1,0,0
allow_empty_terms,8,0,0,0,1,[3],[],[],1,1,0,0
allow_empty_terms,3,1,1,0,0,"[0, 1]","[0, 1]",[0],0,0,1,1
allow_empty_terms,5,1,0,1,0,"[0, 2]",[0],"[0, 2]",1,0,1,0
allow_empty_terms,6,0,1,1,0,"[1, 2]",[1],[2],0,1,0,1
allow_empty_terms,9,1,0,0,1,"[0, 3]",[0],[0],1,0,1,0
allow_empty_terms,10,0,1,0,1,"[1, 3]",[1],[],0,1,0,1
allow_empty_terms,12,0,0,1,1,"[2, 3]",[],[2],1,1,0,0
allow_empty_terms,7,1,1,1,0,"[0, 1, 2]","[0, 1]","[0, 2]",0,0,1,1
allow_empty_terms,11,1,1,0,1,"[0, 1, 3]","[0, 1]",[0],0,0,1,1
allow_empty_terms,13,1,0,1,1,"[0, 2, 3]",[0],"[0, 2]",1,0,1,0
allow_empty_terms,14,0,1,1,1,"[1, 2, 3]",[1],[2],0,1,0,1
allow_empty_terms,15,1,1,1,1,"[0, 1, 2, 3]","[0, 1]","[0, 2]",0,0,1,1
nonempty_terms,1,1,0,0,0,[0],[0],[0],1,0,1,0
nonempty_terms,3,1,1,0,0,"[0, 1]","[0, 1]",[0],0,0,1,1
nonempty_terms,5,1,0,1,0,"[0, 2]",[0],"[0, 2]",1,0,1,0
nonempty_terms,6,0,1,1,0,"[1, 2]",[1],[2],0,1,0,1
nonempty_terms,9,1,0,0,1,"[0, 3]",[0],[0],1,0,1,0
nonempty_terms,7,1,1,1,0,"[0, 1, 2]","[0, 1]","[0, 2]",0,0,1,1
nonempty_terms,11,1,1,0,1,"[0, 1, 3]","[0, 1]",[0],0,0,1,1
nonempty_terms,13,1,0,1,1,"[0, 2, 3]",[0],"[0, 2]",1,0,1,0
nonempty_terms,14,0,1,1,1,"[1, 2, 3]",[1],[2],0,1,0,1
nonempty_terms,15,1,1,1,1,"[0, 1, 2, 3]","[0, 1]","[0, 2]",0,0,1,1
