M_G,P_M,P_G,witness_mask
C,C,C,104
C,D,C,88
C,D,D,81
C,D,I,80
C,D,X,73
C,H,C,48
C,H,H,41
C,H,X,49
C,I,C,72
C,X,C,112
C,X,X,105
D,C,C,98
D,C,D,70
D,C,H,36
D,C,I,66
D,C,X,100
D,D,D,69
D,H,H,35
D,I,D,68
D,X,D,67
D,X,H,37
D,X,X,99
H,C,H,14
H,D,D,20
H,D,H,13
H,D,X,28
H,H,C,26
H,H,D,19
H,H,H,11
H,H,I,18
H,H,X,27
H,I,H,12
H,X,D,22
H,X,H,15
H,X,X,30
I,C,C,96
I,D,D,65
I,H,H,33
I,I,I,64
I,X,X,97
X,C,C,74
X,C,H,44
X,C,X,78
X,D,D,84
X,D,X,77
X,H,C,50
X,H,H,43
X,H,X,51
X,I,X,76
X,X,C,90
X,X,D,83
X,X,H,45
X,X,I,82
X,X,X,52
